Código;Grupo;Regra;O que verifica;Fontes cruzadas;Regimes;Tributos;Risco;Esforço;Fase;Frequência;Ação;Referência;Prioridade (3-9)
AUD-A01;A. Completude documental;NF-e de entrada não escrituradas;"Toda NF-e emitida contra o CNPJ do cliente (Distribuição DF-e / manifestação) está escriturada na competência; lista faltantes.";XML (SEFAZ) × escrituração Domínio;Todos;ICMS, IPI, PIS/COFINS;Alto;Baixo;1;Diária/mensal;Bloqueia;;9
AUD-A02;A. Completude documental;Notas de saída não escrituradas;NF-e/NFC-e autorizadas do cliente × escrituração: faltantes, extras e total por dia/série.;XML emitidos (autXML/ERP/captura) × escrituração;Todos;Todos;Alto;Baixo;1;Mensal;Bloqueia;;9
AUD-A03;A. Completude documental;Canceladas, denegadas e inutilizadas;Nota cancelada escriturada como normal, cancelamento posterior ao lançamento e inutilizações sem registro de situação.;Eventos SEFAZ × escrituração;Todos;Todos;Alto;Baixo;1;Mensal;Bloqueia;;9
AUD-A04;A. Completude documental;Quebra de sequência numérica;Saltos na numeração das notas emitidas (por modelo/série) sem inutilização correspondente.;XML emitidos × eventos de inutilização;Todos;Todos;Médio;Baixo;2;Mensal;Alerta;;7
AUD-A05;A. Completude documental;Lançamento em duplicidade;Mesma chave de acesso (ou emitente + número + série) escriturada mais de uma vez.;Escrituração Domínio;Todos;Todos;Alto;Baixo;1;Mensal;Bloqueia;;9
AUD-A06;A. Completude documental;NFS-e prestadas e tomadas não escrituradas;NFS-e do Ambiente Nacional (API do ADN por NSU, com certificado) e de prefeituras que não compartilham × escrituração de serviços, com retenções.;ADN / prefeituras × escrituração;Todos;ISS, IRRF, CSRF, INSS;Alto;Médio;1;Mensal;Bloqueia;"LC 214/2025, art. 62; Res. CGSN 191/2026";8
AUD-A07;A. Completude documental;CT-e tomados não escriturados;"CT-e em que o cliente é tomador × escrituração; vínculo CT-e ↔ NF-e (frete FOB) e crédito do frete.";XML CT-e × escrituração;Todos;ICMS, PIS/COFINS;Médio;Médio;2;Mensal;Alerta;;6
AUD-A08;A. Completude documental;Notas não reconhecidas pelo cliente;NF-e contra o CNPJ sem manifestação ou de fornecedor atípico: possível nota fria ou operação não realizada.;Distribuição DF-e × manifestação × histórico de fornecedores;Todos;ICMS, PIS/COFINS;Médio;Médio;3;Semanal;Alerta;;6
AUD-A09;A. Completude documental;"""Sem movimento"" com documentos";Empresa marcada sem movimento ou com apuração zerada, mas com XML emitido/recebido na competência.;Cadastro mestre × XML × apuração;Todos;Todos;Alto;Baixo;1;Mensal;Bloqueia;;9
AUD-B01;B. Integridade de valores;Totais do documento divergentes;Valor contábil, BC e ICMS, BC e ICMS-ST, IPI, PIS, COFINS e FCP: XML × escrituração, por chave, com tolerância.;XML × escrituração (relatório/EFD C100-C190);Todos;ICMS, ST, IPI, PIS/COFINS;Alto;Baixo;1;Mensal;Bloqueia;;9
AUD-B02;B. Integridade de valores;Competência e datas;"Data de entrada/saída fora da competência; notas extemporâneas lançadas sem controle.";XML × escrituração;Todos;Todos;Médio;Baixo;1;Mensal;Alerta;;7
AUD-B03;B. Integridade de valores;Participante divergente;CNPJ, IE e UF do participante no cadastro da Domínio × XML (afeta CFOP interno/interestadual e DIFAL).;XML × cadastro de participantes;Todos;ICMS;Médio;Baixo;2;Mensal;Alerta;;7
AUD-B04;B. Integridade de valores;Itens divergentes nas entradas;Quantidade, valor, NCM e CFOP por item: XML × registro de itens (EFD C170).;XML × EFD ICMS/IPI (C170);LP, LR;ICMS, IPI, PIS/COFINS;Médio;Médio;3;Mensal;Alerta;;6
AUD-C01;C. Classificação fiscal;CFOP de entrada incoerente;"CFOP escriturado × CFOP do emitente e finalidade (ex.: 5405→1403/1407; 6102→2102/2556/2551; 5910→1910; 5202→1202) e 1º dígito × UF.";XML × escrituração × tabela de conversão;Todos;ICMS, PIS/COFINS;Alto;Médio;1;Mensal;Bloqueia;Convênio s/nº 1970 (CFOP);8
AUD-C02;C. Classificação fiscal;CFOP × CST/CSOSN incoerentes;"Ex.: 5405 com CST 00; CST 40/41 com ICMS destacado; CST 60 sem CFOP de ST; CSOSN em empresa do regime normal e CST em optante do Simples.";XML × escrituração × cadastro mestre;Todos;ICMS;Alto;Baixo;1;Mensal;Bloqueia;;9
AUD-C03;C. Classificação fiscal;Crédito de ICMS indevido ou não aproveitado;"Crédito em uso e consumo, ativo fora do CIAP (1/48), fornecedor do Simples sem pCredSN, entradas com ST/isentas; e créditos permitidos não aproveitados.";XML × escrituração × finalidade do item;LP, LR;ICMS;Alto;Médio;2;Mensal;Bloqueia;"LC 87/1996, arts. 20 e 33; LC 123/2006, art. 23";8
AUD-C04;C. Classificação fiscal;Créditos de PIS/COFINS não cumulativos;"CST 50–56 nas entradas × natureza do item (insumo, revenda, ativo); monofásicos e alíquota zero sem crédito; coerência com EFD-Contribuições.";XML × escrituração × EFD-Contribuições;LR;PIS/COFINS;Alto;Alto;3;Mensal;Alerta;"Leis 10.637/2002 e 10.833/2003 (até 12/2026; revisão retroativa 5 anos)";7
AUD-C05;C. Classificação fiscal;Monofásicos de PIS/COFINS;NCM na lista de tributação concentrada × receita segregada no PGDAS-D (Simples) ou CST 04 nas saídas (LP/LR). Pagamento em duplicidade vira recuperação.;XML (NCM) × tabela de monofásicos × PGDAS-D/escrituração;SN, LP, LR;PIS/COFINS;Alto;Médio;1;Mensal;Oportunidade;"Leis 10.147/2000, 10.485/2002, 13.097/2015; LC 123/2006, art. 18 §4º-A";8
AUD-C06;C. Classificação fiscal;ICMS-ST: produto sujeito × tratamento;"NCM/CEST sujeito à ST na UF × CST/CSOSN e segregação de receita com ST no Simples; ST não retida em compra interestadual.";XML × tabela ST por UF × escrituração/PGDAS-D;Todos;ICMS-ST;Alto;Alto;3;Mensal;Alerta;Convênios/protocolos ICMS e legislação da UF;7
AUD-C07;C. Classificação fiscal;DIFAL;Compras interestaduais para uso/consumo/ativo e vendas a não contribuinte de outra UF: DIFAL calculado e recolhido.;XML × escrituração × guias;Todos;ICMS DIFAL/FCP;Alto;Médio;2;Mensal;Alerta;"EC 87/2015; LC 190/2022";8
AUD-C08;C. Classificação fiscal;Alíquota de IPI × TIPI;"Indústrias e equiparadas: alíquota por NCM × TIPI vigente; crédito de IPI nas entradas.";XML × TIPI × escrituração;LP, LR;IPI;Médio;Médio;3;Mensal;Alerta;Decreto 11.158/2022 (TIPI) e alterações;6
AUD-C09;C. Classificação fiscal;NCM inválido ou incompatível;NCM inexistente/expirado ou incompatível com a descrição do produto (triagem assistida por IA, decisão humana).;XML × tabela NCM × IA;Todos;Todos;Médio;Médio;3;Mensal;Alerta;;6
AUD-C10;C. Classificação fiscal;Antecipação de ICMS (conforme UF);Entradas interestaduais sujeitas à antecipação parcial/total × guia recolhida.;XML × regra da UF × guias;Todos;ICMS;Médio;Alto;3;Mensal;Alerta;Legislação da UF;5
AUD-C11;C. Classificação fiscal;Reforma: grupos IBS/CBS nos documentos;CST IBS/CBS, cClassTrib, bases e alíquotas nos XML emitidos (obrigatório: NF-e/CT-e desde 03/08/2026, NFS-e desde 01/10/2026, Simples em 01/01/2027). A SEFAZ ainda não rejeita a falta do grupo: só a auditoria pega.;XML × tabelas da RTC × escrituração;Todos;CBS, IBS;Alto;Médio;1;Mensal;Alerta;"LC 214/2025; Ato Conjunto RFB/CGIBS 4/2026; NT 2025.002-RTC";8
AUD-D01;D. Apuração (recálculo-sombra);Simples Nacional: recálculo do DAS;Recalcula RBT12, anexo, faixa, alíquota efetiva e repartição, com segregações (ST, monofásico, exportação, ISS retido) × Domínio × PGDAS-D.;Receitas × tabelas LC 123 × Domínio × PGDAS-D;SN;DAS;Alto;Médio;1;Mensal;Bloqueia;"LC 123/2006; Res. CGSN 140/2018";8
AUD-D02;D. Apuração (recálculo-sombra);Simples Nacional: limite e sublimite;"Receita acumulada e RBT12 × sublimite (R$ 3,6 mi) e limite (R$ 4,8 mi); alerta preventivo a partir de 80%.";Receitas 12 meses;SN;DAS, ICMS, ISS;Alto;Baixo;1;Mensal;Alerta;LC 123/2006, arts. 3º e 13-A;9
AUD-D03;D. Apuração (recálculo-sombra);Simples Nacional: Fator R;"Folha de 12 meses (salários, pró-labore, FGTS, CPP) ÷ RBT12 ≥ 28% define Anexo III × V; confere o anexo aplicado.";Domínio Folha × receitas × apuração;SN;DAS;Alto;Médio;2;Mensal;Bloqueia;LC 123/2006, art. 18 (fator r);8
AUD-D04;D. Apuração (recálculo-sombra);Lucro Presumido: IRPJ e CSLL;"Base de presunção por atividade, acréscimo de 10% nos percentuais sobre a receita acima de R$ 5 mi/ano (R$ 1,25 mi/trimestre; IRPJ desde 01/2026, CSLL desde 04/2026), adicional de IRPJ e retenções compensadas.";Receitas por atividade × apuração Domínio × DCTFWeb/MIT;LP;IRPJ, CSLL;Alto;Médio;2;Trimestral;Bloqueia;"Lei 9.249/1995, arts. 15 e 20; LC 224/2025; IN RFB 2.305/2025 e 2.306/2026";8
AUD-D05;D. Apuração (recálculo-sombra);PIS/COFINS: débitos e créditos;"Recalcula débitos (cumulativo 0,65%/3%; não cumulativo 1,65%/7,6%), exclusões e créditos × apuração × EFD-Contribuições, incluindo a redução de benefícios da LC 224/2025 (até 12/2026; depois, revisão retroativa).";Escrituração × EFD-Contribuições;LP, LR;PIS/COFINS;Alto;Médio;3;Mensal;Alerta;"Leis 9.718/1998, 10.637/2002 e 10.833/2003; LC 224/2025";8
AUD-D06;D. Apuração (recálculo-sombra);ICMS regime normal: apuração;"Recalcula débitos e créditos pelos documentos (C190) × apuração da Domínio (E110) × declaração estadual; saldo credor transportado.";EFD ICMS/IPI × apuração × GIA/declaração da UF;LP, LR;ICMS;Alto;Médio;2;Mensal;Bloqueia;;8
AUD-D07;D. Apuração (recálculo-sombra);ISS próprio e retido;"ISS dos serviços prestados × alíquota e local de incidência; ISS retido por tomadores deduzido; ISS retido em serviços tomados recolhido.";NFS-e × escrituração × guias municipais;Todos;ISS;Médio;Médio;2;Mensal;Alerta;LC 116/2003, arts. 3º e 6º;6
AUD-D08;D. Apuração (recálculo-sombra);Retenções federais e INSS;Serviços tomados e prestados com IRRF, CSRF (4,65%) e INSS (11%) × EFD-Reinf (R-2010/R-2020/R-4020) × DCTFWeb.;NFS-e × escrituração × EFD-Reinf × DCTFWeb;Todos;IRRF, CSRF, INSS;Alto;Médio;2;Mensal;Bloqueia;"Lei 10.833/2003, art. 30; Lei 8.212/1991, art. 31";8
AUD-D09;D. Apuração (recálculo-sombra);Carga tributária fora do padrão;Carga efetiva do mês (tributos ÷ receita) × média de 12 meses e faixa esperada do segmento.;Apurações × receitas (histórico);Todos;Todos;Médio;Baixo;3;Mensal;Alerta;;7
AUD-D10;D. Apuração (recálculo-sombra);Lucros e dividendos acima de R$ 50 mil/mês;Pagamentos de lucros à mesma pessoa física acima de R$ 50 mil no mês: IRRF de 10% retido × EFD-Reinf (R-4010) × DCTFWeb. Interface com contábil/DP.;Distribuições (contábil) × EFD-Reinf × DCTFWeb;Todos;IRRF;Alto;Baixo;2;Mensal;Alerta;"Lei 15.270/2025; NT EFD-Reinf 02/2026";9
AUD-E01;E. Declarado × apurado × pago;Apuração × declaração transmitida;Valores da Domínio × PGDAS-D, DCTFWeb/MIT, EFD-Contribuições, EFD ICMS/IPI e declarações estaduais/municipais.;Domínio × Integra Contador × recibos;Todos;Todos;Alto;Médio;2;Mensal;Bloqueia;;8
AUD-E02;E. Declarado × apurado × pago;Guia emitida × guia paga;"DAS, DARF e guias estaduais/municipais emitidas × pagamentos localizados; aviso ao cliente antes do vencimento.";Guias × consulta de pagamentos (e-CAC) × conta corrente da UF;Todos;Todos;Alto;Médio;2;Mensal;Alerta;;8
AUD-E03;E. Declarado × apurado × pago;Obrigações entregues no prazo;"Matriz de obrigações de cada empresa × recibos de entrega; alerta 5 dias antes do vencimento.";Cadastro mestre × recibos;Todos;Todos;Alto;Baixo;2;Diária;Alerta;;9
AUD-E04;E. Declarado × apurado × pago;Parcelamentos em dia;"Parcelas emitidas e pagas (Simples, federais e estaduais); risco de rescisão.";Integra Contador (parcelamentos) × pagamentos;Todos;Todos;Médio;Médio;3;Mensal;Alerta;;6
AUD-E05;E. Declarado × apurado × pago;CBS: apuração assistida × escrituração;A partir de 2027, débitos e créditos da apuração assistida da Plataforma CBS (APIs da Receita) × escrituração da Domínio × hub.;APIs da apuração da CBS × Domínio × hub;LP, LR;CBS (IBS depois);Alto;Médio;2;Mensal;Bloqueia;LC 214/2025;8
AUD-F01;F. Cadastro e situação fiscal;Regime tributário e CNAE;"Regime cadastrado na Domínio × situação na Receita (optante do Simples/SIMEI) e opção semestral pelo IBS/CBS fora do DAS (a partir de 2027); CNAEs × atividades escrituradas e anexo usado.";Cadastro Domínio × consulta Receita;Todos;Todos;Alto;Baixo;1;Mensal;Bloqueia;;9
AUD-F02;F. Cadastro e situação fiscal;Certificados e procurações a vencer;Validade dos certificados A1 (clientes e escritório), procurações eletrônicas e acessos estaduais: alertas em 30, 15 e 5 dias.;Cofre de certificados × cadastro mestre;Todos;—;Alto;Baixo;1;Diária;Alerta;;9
AUD-F03;F. Cadastro e situação fiscal;Situação fiscal e caixa postal;Pendências no relatório de situação fiscal, mensagens da Caixa Postal do e-CAC e DTE-SN, domicílios eletrônicos estaduais, termos de exclusão do Simples.;Integra Contador × portais da UF;Todos;Todos;Alto;Médio;2;Semanal;Alerta;;8
AUD-F04;F. Cadastro e situação fiscal;IE e situação de fornecedores;IE do cliente ativa e fornecedores relevantes inaptos/baixados (crédito glosável).;Cadastro × consulta de contribuintes (CCC/SINTEGRA);LP, LR;ICMS;Médio;Médio;3;Mensal;Alerta;;6
AUD-G01;G. Analítica e indícios de risco;Variação atípica de receitas e compras;"Variação do mês × média de 12 meses fora da faixa; queda brusca de faturamento; compras sem vendas no mês.";Histórico do hub de dados;Todos;Todos;Médio;Baixo;3;Mensal;Alerta;;7
AUD-G02;G. Analítica e indícios de risco;Compras incompatíveis com receitas;Entradas maiores que saídas de forma recorrente no comércio (indício de omissão de receita ou estoque inflado).;Histórico do hub de dados;Todos;Todos;Médio;Baixo;3;Trimestral;Alerta;;7
AUD-G03;G. Analítica e indícios de risco;Fiscal × contábil;"Faturamento do fiscal × receitas contábeis; tributos apurados × contas de tributos a recolher (quando expandir para o contábil).";Escrita Fiscal × Contabilidade;Todos;Todos;Médio;Médio;4;Mensal;Alerta;;6
